"","hh_LAT","hh_LNG","sample_collected","lineage"
"304",-15.842379,35.046112,16801,"major4"
"309",-15.769003,35.071075,16806,"major4"
"329",-15.794411,35.072224,16833,"major4"
"401",-15.727757,35.047695,16928,"major4"
"408",-15.776076,35.076141,16933,"major4"
"413",-15.83998,34.991577,16944,"major4"
"427",-15.774096,35.069683,16960,"major4"
"469",-15.843859,35.04147,17032,"major4"
"471",-15.772608,35.008125,17042,"major4"
